{
    "Version": "2012-10-17",
    "Statement": [
        {
            "Sid": "VisualEditor0",
            "Effect": "Allow",
            "Action": [
                "ec2:DeregisterImage",
                "ec2:Describe*",
                "ec2:DeleteSnapshot",
                "ec2:ModifySnapshotAttribute",
                "ec2:CreateTags",
                "ec2:ResetSnapshotAttribute",
                "ec2:CreateSnapshot",
                "ec2:CreateImage"
            ],
            "Resource": "*"
        },
        {
            "Sid": "VisualEditor1",
            "Effect": "Allow",
            "Action": [
                "dynamodb:BatchGetItem",
                "dynamodb:GetShardIterator",
                "dynamodb:GetItem",
                "dynamodb:DescribeStream",
                "dynamodb:GetRecords"
            ],
            "Resource": "arn:aws:dynamodb:*:*:*"
        },
        {
            "Sid": "VisualEditor2",
            "Effect": "Allow",
            "Action": "logs:*",
            "Resource": "arn:aws:logs:*:*:*"
        },
        {
            "Sid": "VisualEditor3",
            "Effect": "Allow",
            "Action": "dynamodb:ListStreams",
            "Resource": "arn:aws:dynamodb:*:*:*"
        }
    ]
}