{
  "schemaVersion": "0.3",
  "description": "Updates PV Driver on Microsoft Windows Instance.",
  "assumeRole": "{{ AutomationAssumeRole }}",
  "parameters": {
    "IamInstanceProfileName": {
      "type": "String",
      "description": "(Required) The name of the role that enables Systems Manager to manage the instance.",
      "default": "ManagedInstanceRole"
    },
    "AutomationAssumeRole": {
      "type": "String",
      "description": "(Required) The ARN of the role that allows Automation to perform the actions on your behalf.",
      "default": "arn:aws:iam::{{global:ACCOUNT_ID}}:role/AutomationServiceRole"
    },
    "lambdaFunctionName": {
      "type": "String",
      "description": "(Required) The name of the lambda function. Default ('none') is to not run a script.",
      "default": " arn:aws:lambda:eu-west-1:{{global:ACCOUNT_ID}}:function:POSTNL_LMBD_BACKUP_SNAPSHOT_LAMBDA_W_T"
    },
    "InstanceIds": {
      "type": "String",
      "description": "(Required) The name of the role that enables Systems Manager to manage the instance.",
      "default": "ManagedInstanceRole"
    }
  },
  "mainSteps": [
    {
      "name": "Snapshot_Backup",
      "action": "aws:invokeLambdaFunction",
      "timeoutSeconds": 1200,
      "maxAttempts": 1,
      "onFailure": "Abort",
      "inputs": {
        "FunctionName": "{{lambdaFunctionName}}"
      }
    },
    {
      "name": "Upgrade_PV_Driver",
      "action": "aws:runCommand",
      "maxAttempts": 3,
      "onFailure": "Abort",
      "timeoutSeconds": 600,
      "inputs": {
        "DocumentName": "AWS-ConfigureAWSPackage",
        "InstanceIds": [
          "{{InstanceIds}}"
        ],
        "Parameters": {
          "name": "AWSPVDriver",
          "action": "Install"
        }
      }
    }
  ]
}