{
    "Version": "2012-10-17",
    "Statement": [
        {
            "Effect": "Allow",
            "Action": [
                "autoscaling:Describe*",
                "autoscaling:UpdateAutoScalingGroup",
                "cloudformation:CreateStack",
                "cloudformation:DeleteStack",
                "cloudformation:DescribeStack*",
                "cloudformation:UpdateStack",
                "cloudwatch:GetMetricStatistics",
                "ec2:Describe*",
                "elasticloadbalancing:*",
                "ecs:*",
                "events:DescribeRule",
                "events:DeleteRule",
                "events:ListRuleNamesByTarget",
                "events:ListTargetsByRule",
                "events:PutRule",
                "events:PutTargets",
                "events:RemoveTargets",
                "iam:ListInstanceProfiles",
                "iam:ListRoles",
                "iam:PassRole"
            ],
            "Resource": "*"
        }
    ]
}