{
    "Version": "2012-10-17",
    "Statement": [
        {
            "Effect": "Allow",
            "Action": [
                "s3:GetObject",
                "s3:GetBucketLocation"
            ],
            "Resource": "*"
        },
        {
            "Effect": "Allow",
            "Action": [
                "cloudtrail:GetTrailStatus",
                "cloudtrail:DescribeTrails",
                "cloudtrail:LookupEvents",
                "cloudtrail:ListTags",
                "cloudtrail:ListPublicKeys",
                "cloudtrail:GetEventSelectors",
                "s3:ListAllMyBuckets",
                "kms:ListAliases",
                "lambda:ListFunctions"
            ],
            "Resource": "*"
        }
    ]
}