{
    "Version": "2012-10-17",
    "Statement": [
        {
            "Effect": "Allow",
            "Action": [
                "kms:CreateAlias",
                "kms:CreateKey",
                "kms:DeleteAlias",
                "kms:Describe*",
                "kms:GenerateRandom",
                "kms:Get*",
                "kms:List*",
                "kms:TagResource",
                "kms:UntagResource",
                "iam:ListGroups",
                "iam:ListRoles",
                "iam:ListUsers"
            ],
            "Resource": "*"
        }
    ]
}